"","month","year","sum"
"1",3,1990,19.8
"2",3,1995,28.8
"3",3,2002,6.2
"4",3,2004,5.2
"5",3,2006,5.4
"6",3,2007,20.8
"7",3,2008,35.8
"8",3,2009,29
"9",4,1990,256.4
"10",4,1991,278
"11",4,1992,171.2
"12",4,1993,122.7
"13",4,1994,183.3
"14",4,1995,422.3
"15",4,1996,55.8
"16",4,1997,183.9
"17",4,1998,65.5
"18",4,1999,275.4
"19",4,2000,301.9
"20",4,2001,311
"21",4,2002,210.5
"22",4,2003,144.2
"23",4,2004,143.4
"24",4,2005,218.6
"25",4,2006,178.7
"26",4,2007,169.9
"27",4,2008,308.7
"28",4,2009,129.9
"29",4,2010,201.8
"30",4,2011,106
"31",4,2012,385.8
"32",4,2013,234.4
"33",5,1990,400.1
"34",5,1991,504.5
"35",5,1992,385.8
"36",5,1993,481.4
"37",5,1994,424.8
"38",5,1995,542.3
"39",5,1996,569.2
"40",5,1997,415.4
"41",5,1998,490.7
"42",5,1999,335.7
"43",5,2000,289.2
"44",5,2001,466.3
"45",5,2002,348.4
"46",5,2003,478.6
"47",5,2004,478.6
"48",5,2005,573.7
"49",5,2006,456.5
"50",5,2007,519.6
"51",5,2008,466.9
"52",5,2009,472.1
"53",5,2010,567.3
"54",5,2011,497.1
"55",5,2012,554.2
"56",5,2013,552
"57",6,1990,510.8
"58",6,1991,655
"59",6,1992,556.7
"60",6,1993,519.8
"61",6,1994,527.9
"62",6,1995,693.3
"63",6,1996,611.1
"64",6,1997,669.5
"65",6,1998,707
"66",6,1999,601.3
"67",6,2000,585.8
"68",6,2001,529.3
"69",6,2002,520.4
"70",6,2003,442.3
"71",6,2004,585.3
"72",6,2005,569.8
"73",6,2006,653
"74",6,2007,543.9
"75",6,2008,536.3
"76",6,2009,679.8
"77",6,2010,704
"78",6,2011,532.7
"79",6,2012,639.3
"80",6,2013,640.2
"81",7,1990,623.4
"82",7,1991,665.9
"83",7,1992,597.8
"84",7,1993,630.1
"85",7,1994,544.8
"86",7,1995,673.6
"87",7,1996,688
"88",7,1997,605.4
"89",7,1998,734.5
"90",7,1999,711.4
"91",7,2000,705.5
"92",7,2001,707.3
"93",7,2002,748.4
"94",7,2003,661.5
"95",7,2004,664.1
"96",7,2005,644.8
"97",7,2006,580.1
"98",7,2007,646.3
"99",7,2008,684.4
"100",7,2009,676
"101",7,2010,842
"102",7,2011,773.5
"103",7,2012,700.7
"104",8,1990,526
"105",8,1991,552.6
"106",8,1992,550.9
"107",8,1993,561.8
"108",8,1994,526.6
"109",8,1995,590.1
"110",8,1996,586.2
"111",8,1997,565.2
"112",8,1998,601.2
"113",8,1999,609.1
"114",8,2000,624.7
"115",8,2001,561.1
"116",8,2002,532.5
"117",8,2003,633
"118",8,2004,648.5
"119",8,2005,624
"120",8,2006,621.4
"121",8,2007,733.3
"122",8,2008,666.8
"123",8,2009,578.9
"124",8,2010,788.3
"125",8,2011,600.6
"126",8,2012,677.5
"127",9,1990,352.8
"128",9,1991,384.5
"129",9,1992,455.5
"130",9,1993,246.4
"131",9,1994,468.6
"132",9,1995,451.1
"133",9,1996,363.9
"134",9,1997,363.4
"135",9,1998,402
"136",9,1999,353.7
"137",9,2000,346.7
"138",9,2001,405.7
"139",9,2002,438.7
"140",9,2003,406.7
"141",9,2004,445.9
"142",9,2005,456
"143",9,2006,421.2
"144",9,2007,444.9
"145",9,2008,357.1
"146",9,2009,486.9
"147",9,2010,460.7
"148",9,2011,396.2
"149",9,2012,415.9
"150",10,1990,125.6
"151",10,1991,299.7
"152",10,1992,85.9
"153",10,1993,139.2
"154",10,1994,210.8
"155",10,1995,216.5
"156",10,1996,124.3
"157",10,1997,209.7
"158",10,1998,173.5
"159",10,1999,210.8
"160",10,2000,134.9
"161",10,2001,94.9
"162",10,2002,133.8
"163",10,2003,221.4
"164",10,2004,120.5
"165",10,2005,242.6
"166",10,2006,144.5
"167",10,2007,196.6
"168",10,2008,245
"169",10,2009,220.8
"170",10,2010,76.1
"171",10,2011,184.4
"172",10,2012,255.7
"173",11,1990,8
"174",11,1994,15.7
"175",11,1995,11.4
"176",11,1996,11.8
"177",11,1997,5.8
"178",11,1998,17.3
"179",11,1999,6.6
"180",11,2000,12.8
"181",11,2001,18.1
"182",11,2002,12.5
"183",11,2004,12.1
"184",11,2006,44.5
"185",11,2007,5.3
"186",11,2008,43.9
"187",11,2009,5.5
"188",11,2010,75.9
"189",11,2011,5.6
"190",11,2012,23.3
"191",3,1990,33.6
"192",3,1995,27.2
"193",3,2002,6.4
"194",3,2004,15.9
"195",3,2007,18.8
"196",3,2008,31.8
"197",3,2009,21.3
"198",3,2014,18
"199",4,1990,264.1
"200",4,1991,260.5
"201",4,1992,170.5
"202",4,1993,125.3
"203",4,1994,190.5
"204",4,1995,400.3
"205",4,1996,61.5
"206",4,1997,177.4
"207",4,1998,71
"208",4,1999,255.2
"209",4,2000,280
"210",4,2001,295.2
"211",4,2002,193.5
"212",4,2003,138.9
"213",4,2004,153.6
"214",4,2005,201.1
"215",4,2006,193.1
"216",4,2007,181.7
"217",4,2008,292.9
"218",4,2009,128.8
"219",4,2010,179.8
"220",4,2011,110.2
"221",4,2012,360.1
"222",4,2013,229.1
"223",4,2014,153.6
"224",4,2015,34.8
"225",5,1990,414.2
"226",5,1991,493
"227",5,1992,392.6
"228",5,1993,478.8
"229",5,1994,432.4
"230",5,1995,544
"231",5,1996,570.6
"232",5,1997,422.7
"233",5,1998,499.8
"234",5,1999,345
"235",5,2000,296.2
"236",5,2001,464.7
"237",5,2002,352.8
"238",5,2003,474.5
"239",5,2004,469.4
"240",5,2005,558.9
"241",5,2006,454.4
"242",5,2007,524
"243",5,2008,465.5
"244",5,2009,454.1
"245",5,2010,556
"246",5,2011,491.5
"247",5,2012,547
"248",5,2013,553.8
"249",5,2014,563.2
"250",5,2015,338
"251",6,1990,513.1
"252",6,1991,647.5
"253",6,1992,552.7
"254",6,1993,531.7
"255",6,1994,536.3
"256",6,1995,687.2
"257",6,1996,614.6
"258",6,1997,662.6
"259",6,1998,693.3
"260",6,1999,595.3
"261",6,2000,586.2
"262",6,2001,529
"263",6,2002,519.6
"264",6,2003,446
"265",6,2004,584.6
"266",6,2005,573.3
"267",6,2006,656.6
"268",6,2007,550.4
"269",6,2008,536.6
"270",6,2009,677.8
"271",6,2010,695.5
"272",6,2011,543.6
"273",6,2012,640.2
"274",6,2013,626.2
"275",6,2014,560.8
"276",6,2015,48
"277",7,1990,609.3
"278",7,1991,658.5
"279",7,1992,597.8
"280",7,1993,635.8
"281",7,1994,552.7
"282",7,1995,671.8
"283",7,1996,683.7
"284",7,1997,613.4
"285",7,1998,733.6
"286",7,1999,699
"287",7,2000,694.4
"288",7,2001,709.6
"289",7,2002,732.3
"290",7,2003,653.7
"291",7,2004,659.9
"292",7,2005,641.1
"293",7,2006,587.5
"294",7,2007,641.8
"295",7,2008,671
"296",7,2009,672.9
"297",7,2010,831.3
"298",7,2011,770.8
"299",7,2012,693.6
"300",7,2013,664.9
"301",7,2014,437.6
"302",8,1990,524.7
"303",8,1991,558.6
"304",8,1992,549.4
"305",8,1993,557.4
"306",8,1994,527.9
"307",8,1995,599.5
"308",8,1996,584.1
"309",8,1997,557.6
"310",8,1998,601.5
"311",8,1999,598.3
"312",8,2000,628.4
"313",8,2001,574.8
"314",8,2002,531.5
"315",8,2003,622.1
"316",8,2004,647.5
"317",8,2005,610.8
"318",8,2006,630.6
"319",8,2007,713.7
"320",8,2008,649.5
"321",8,2009,572.5
"322",8,2010,776
"323",8,2011,609.8
"324",8,2012,662.7
"325",8,2013,631.9
"326",8,2014,601.7
"327",9,1990,341.6
"328",9,1991,384.3
"329",9,1992,440.2
"330",9,1993,253.1
"331",9,1994,461.9
"332",9,1995,450.1
"333",9,1996,369.5
"334",9,1997,362.7
"335",9,1998,395.5
"336",9,1999,365.3
"337",9,2000,352.6
"338",9,2001,397.7
"339",9,2002,432.6
"340",9,2003,388.8
"341",9,2004,447.8
"342",9,2005,439.3
"343",9,2006,423.5
"344",9,2007,431.4
"345",9,2008,363.1
"346",9,2009,462.6
"347",9,2010,456.1
"348",9,2011,403.2
"349",9,2012,416.5
"350",9,2013,384.6
"351",9,2014,264.5
"352",10,1990,136.9
"353",10,1991,294.2
"354",10,1992,95.6
"355",10,1993,137.7
"356",10,1994,203.3
"357",10,1995,226.3
"358",10,1996,119.4
"359",10,1997,205.8
"360",10,1998,177.2
"361",10,1999,202.2
"362",10,2000,132.9
"363",10,2001,102.9
"364",10,2002,128.5
"365",10,2003,196.1
"366",10,2004,125.9
"367",10,2005,212.5
"368",10,2006,162.3
"369",10,2007,182.6
"370",10,2008,209.9
"371",10,2009,219.7
"372",10,2010,65.4
"373",10,2011,168
"374",10,2012,253.6
"375",10,2013,157.6
"376",10,2014,129
"377",10,2015,31.8
"378",11,1990,9.1
"379",11,1991,5.1
"380",11,1994,22.9
"381",11,1995,25.3
"382",11,1996,13.7
"383",11,1997,5.8
"384",11,1998,18.3
"385",11,1999,6.8
"386",11,2000,13.5
"387",11,2001,20
"388",11,2002,25.1
"389",11,2004,18.4
"390",11,2006,49.4
"391",11,2007,5.8
"392",11,2008,43.7
"393",11,2009,5.6
"394",11,2010,80
"395",11,2011,16.4
"396",11,2012,28.8
"397",11,2013,65.6
"398",11,2014,5.5
"399",11,2015,23.2
"400",12,2012,5.2
"401",1,1990,17.6
"402",1,1991,27.2
"403",1,1992,36.3
"404",1,1993,28.1
"405",1,1994,28.6
"406",1,1995,55.6
"407",1,1997,32.6
"408",1,1998,38.6
"409",1,1999,29.9
"410",1,2000,30.8
"411",1,2001,69.6
"412",1,2002,11.8
"413",1,2003,48.2
"414",1,2004,23.4
"415",1,2005,7.7
"416",1,2006,7.1
"417",1,2007,66.3
"418",1,2008,83.5
"419",1,2010,47.9
"420",1,2011,56.8
"421",1,2012,23.5
"422",1,2013,20.6
"423",2,1990,53.4
"424",2,1991,47.5
"425",2,1992,46.3
"426",2,1993,6.6
"427",2,1994,5.7
"428",2,1995,44.3
"429",2,1996,25.3
"430",2,1997,17.2
"431",2,1998,31.2
"432",2,1999,56.7
"433",2,2000,10.7
"434",2,2001,43.2
"435",2,2002,20.8
"436",2,2003,8.7
"437",2,2004,37.2
"438",2,2005,22.5
"439",2,2006,26.4
"440",2,2007,31
"441",2,2008,38.3
"442",2,2010,33.6
"443",2,2011,23.9
"444",2,2012,11.1
"445",2,2013,13.5
"446",3,1990,24.7
"447",3,1991,9.1
"448",3,1992,7
"449",3,1993,9.2
"450",3,1994,42.5
"451",3,1995,14
"452",3,1996,14.3
"453",3,1997,34.7
"454",3,1998,49
"455",3,1999,17.1
"456",3,2000,30.6
"457",3,2001,40.6
"458",3,2002,29.2
"459",3,2004,26.6
"460",3,2005,41.4
"461",3,2006,28.9
"462",3,2007,13.7
"463",3,2008,9.2
"464",3,2009,20.9
"465",3,2010,7.9
"466",3,2011,51.2
"467",3,2012,66
"468",3,2013,24.8
"469",4,1990,33.3
"470",4,1991,9.1
"471",4,1992,46.8
"472",4,1993,111.5
"473",4,1995,6.1
"474",4,1996,24
"475",4,1997,48.1
"476",4,1998,52
"477",4,2000,23.7
"478",4,2002,5.6
"479",4,2003,5.9
"480",4,2004,56.1
"481",4,2005,16.1
"482",4,2006,40
"483",4,2007,60.7
"484",4,2008,15.1
"485",4,2009,19.2
"486",4,2010,5.8
"487",4,2011,12.1
"488",4,2012,21.4
"489",4,2013,31.6
"490",5,1990,48.1
"491",5,1991,39.1
"492",5,1992,27.4
"493",5,1993,10.9
"494",5,1994,53.2
"495",5,1995,21.7
"496",5,1996,54.6
"497",5,1997,77.3
"498",5,1999,86.7
"499",5,2000,24
"500",5,2001,51.5
"501",5,2002,13.3
"502",5,2003,25.3
"503",5,2004,14
"504",5,2006,36.9
"505",5,2007,5.9
"506",5,2010,10
"507",5,2011,30.6
"508",5,2012,6.5
"509",6,1990,75.1
"510",6,1991,14.2
"511",6,1993,58.8
"512",6,1994,92.3
"513",6,1996,58.5
"514",6,1997,98
"515",6,1999,35.3
"516",6,2000,70.6
"517",6,2001,24.4
"518",6,2002,38.2
"519",6,2003,57.6
"520",6,2004,70.2
"521",6,2005,38.8
"522",6,2006,26.4
"523",6,2007,39.3
"524",6,2008,40.3
"525",6,2009,16.2
"526",6,2011,126.7
"527",6,2012,36.3
"528",7,1990,57.4
"529",7,1991,52
"530",7,1992,36.2
"531",7,1993,107.1
"532",7,1994,22.5
"533",7,1995,60.6
"534",7,1996,20.4
"535",7,1997,43.5
"536",7,1998,40.9
"537",7,1999,10.6
"538",7,2000,19.2
"539",7,2001,39
"540",7,2002,18
"541",7,2003,62.8
"542",7,2004,84.4
"543",7,2005,13.7
"544",7,2006,43
"545",7,2007,107.4
"546",7,2008,29.4
"547",7,2009,26.3
"548",7,2012,41.8
"549",7,2013,32
"550",8,1990,72.6
"551",8,1991,35.1
"552",8,1992,28
"553",8,1993,103
"554",8,1994,50.4
"555",8,1995,32.7
"556",8,1996,5.7
"557",8,1998,13.7
"558",8,1999,17
"559",8,2000,60
"560",8,2001,36.5
"561",8,2003,39.8
"562",8,2004,6.1
"563",8,2006,91.6
"564",8,2007,5.4
"565",8,2009,47
"566",8,2010,23.1
"567",8,2011,61.8
"568",8,2012,70.6
"569",8,2013,54.6
"570",9,1990,44.9
"571",9,1991,8.1
"572",9,1993,94.6
"573",9,1994,7.2
"574",9,1995,10.6
"575",9,1996,24.9
"576",9,1997,40.1
"577",9,1998,5.1
"578",9,1999,30.4
"579",9,2000,44.2
"580",9,2001,28.1
"581",9,2002,21.7
"582",9,2004,32.5
"583",9,2005,8.9
"584",9,2006,16.9
"585",9,2007,39.6
"586",9,2008,65.4
"587",9,2009,20.9
"588",9,2010,25.7
"589",9,2011,165.5
"590",9,2012,14.3
"591",9,2013,115.6
"592",10,1990,72.2
"593",10,1991,25.1
"594",10,1992,52
"595",10,1993,17.2
"596",10,1994,48.1
"597",10,1995,5.2
"598",10,1997,35.2
"599",10,1998,47.1
"600",10,1999,44.6
"601",10,2000,6.1
"602",10,2001,57.6
"603",10,2002,93.9
"604",10,2003,53.4
"605",10,2004,66.8
"606",10,2005,26.2
"607",10,2006,46
"608",10,2007,5.7
"609",10,2009,57.6
"610",10,2010,47.5
"611",10,2011,25.1
"612",10,2012,43.2
"613",10,2013,26.1
"614",11,1990,131.4
"615",11,1991,18.6
"616",11,1992,40
"617",11,1994,36.4
"618",11,1995,16.8
"619",11,1996,26.1
"620",11,1997,35.2
"621",11,1998,74.2
"622",11,1999,16.6
"623",11,2001,45.5
"624",11,2002,27.4
"625",11,2003,6.1
"626",11,2004,58.2
"627",11,2006,38.3
"628",11,2007,50.6
"629",11,2008,32.6
"630",11,2009,20.5
"631",11,2010,71.5
"632",11,2011,21.3
"633",11,2012,21.1
"634",11,2013,7.6
"635",12,1990,13.8
"636",12,1991,15.6
"637",12,1993,52.3
"638",12,1994,19.8
"639",12,1995,59
"640",12,1996,20
"641",12,1997,34
"642",12,1998,32.9
"643",12,1999,48.5
"644",12,2000,67
"645",12,2001,34.4
"646",12,2002,37.3
"647",12,2003,9.4
"648",12,2004,14.1
"649",12,2005,43.3
"650",12,2006,18.7
"651",12,2007,9.1
"652",12,2008,5.1
"653",12,2009,26.4
"654",12,2010,32.2
"655",12,2011,25.1
"656",12,2012,34.1
"657",12,2013,65.9
"658",1,1990,14.1
"659",1,1991,18.3
"660",1,1992,12
"661",1,1993,13.9
"662",1,1995,51.3
"663",1,1997,25.1
"664",1,1998,5.3
"665",1,1999,28.9
"666",1,2000,30.2
"667",1,2001,31.1
"668",1,2002,14.8
"669",1,2003,22.9
"670",1,2004,11.5
"671",1,2006,5.3
"672",1,2007,40.3
"673",1,2008,20.3
"674",1,2010,13.8
"675",1,2011,18.6
"676",1,2012,20.4
"677",1,2013,22.8
"678",1,2014,35.1
"679",1,2015,18.6
"680",2,1990,39
"681",2,1991,41.4
"682",2,1992,22.3
"683",2,1993,12.4
"684",2,1994,6.3
"685",2,1995,18.9
"686",2,1996,15.9
"687",2,1997,7.2
"688",2,1998,8
"689",2,1999,22.7
"690",2,2001,30.5
"691",2,2002,13.8
"692",2,2003,8.8
"693",2,2004,17.6
"694",2,2005,9.5
"695",2,2006,12.2
"696",2,2007,29.5
"697",2,2008,16.6
"698",2,2010,33.2
"699",2,2011,5.9
"700",2,2014,21.4
"701",2,2015,5.1
"702",3,1990,13.5
"703",3,1991,5.9
"704",3,1993,12.1
"705",3,1994,21.5
"706",3,1995,12.9
"707",3,1996,14.1
"708",3,1997,15.8
"709",3,1998,22.5
"710",3,1999,25.8
"711",3,2000,16.2
"712",3,2001,20.7
"713",3,2002,18
"714",3,2004,12.8
"715",3,2005,14.2
"716",3,2006,23.8
"717",3,2007,11.9
"718",3,2008,5.3
"719",3,2009,16.5
"720",3,2010,13
"721",3,2011,24.1
"722",3,2012,27.9
"723",3,2013,8.2
"724",3,2014,6.1
"725",4,1990,17.4
"726",4,1991,19
"727",4,1992,41.3
"728",4,1993,67.8
"729",4,1996,23.8
"730",4,1997,50.8
"731",4,1998,37.3
"732",4,2000,14.8
"733",4,2001,6.4
"734",4,2003,7.1
"735",4,2004,7.6
"736",4,2005,11.7
"737",4,2006,29
"738",4,2007,51.2
"739",4,2008,11.5
"740",4,2009,10.3
"741",4,2012,12.7
"742",4,2013,50.5
"743",4,2014,22.4
"744",5,1990,49.6
"745",5,1991,24.6
"746",5,1992,20.4
"747",5,1994,14.9
"748",5,1995,7.2
"749",5,1996,17.5
"750",5,1997,111.3
"751",5,1999,28.1
"752",5,2000,28.8
"753",5,2001,33.1
"754",5,2002,9.4
"755",5,2003,35.8
"756",5,2004,11.6
"757",5,2005,7.5
"758",5,2006,23.1
"759",5,2010,10.8
"760",5,2011,18.7
"761",5,2012,17.4
"762",5,2013,7.6
"763",5,2014,6.1
"764",5,2015,11.2
"765",6,1990,68.3
"766",6,1991,53.8
"767",6,1993,60.4
"768",6,1994,85.3
"769",6,1995,9.7
"770",6,1996,46.5
"771",6,1997,48.1
"772",6,1998,5.7
"773",6,1999,45.4
"774",6,2000,50
"775",6,2001,16.2
"776",6,2002,23.7
"777",6,2003,61.9
"778",6,2004,9.3
"779",6,2005,54.9
"780",6,2006,11.5
"781",6,2007,98.9
"782",6,2008,14.4
"783",6,2009,31.6
"784",6,2011,53.2
"785",6,2012,39.1
"786",6,2013,5.4
"787",6,2014,56.4
"788",7,1990,86.4
"789",7,1991,21.4
"790",7,1992,21.6
"791",7,1993,155
"792",7,1994,41.2
"793",7,1995,40.3
"794",7,1996,6.4
"795",7,1997,64.4
"796",7,1998,12.1
"797",7,1999,55.1
"798",7,2000,14
"799",7,2002,5.1
"800",7,2003,53.7
"801",7,2004,91.8
"802",7,2005,12.6
"803",7,2006,21.3
"804",7,2007,76.1
"805",7,2008,93.1
"806",7,2009,12.7
"807",7,2012,35.1
"808",7,2013,79.5
"809",8,1990,58.1
"810",8,1991,14.3
"811",8,1992,17.1
"812",8,1993,101.4
"813",8,1994,47.9
"814",8,1995,17
"815",8,1998,33.9
"816",8,1999,20.1
"817",8,2000,26.8
"818",8,2001,24.9
"819",8,2002,6.6
"820",8,2003,38.1
"821",8,2004,6.9
"822",8,2005,6.4
"823",8,2006,75.3
"824",8,2007,5.7
"825",8,2009,70.4
"826",8,2010,8.1
"827",8,2011,37.5
"828",8,2012,46.7
"829",8,2013,46.5
"830",8,2014,20.3
"831",9,1990,39.7
"832",9,1991,16.2
"833",9,1992,10.3
"834",9,1993,79.7
"835",9,1994,6.5
"836",9,1995,8.1
"837",9,1996,30.1
"838",9,1997,65.3
"839",9,1999,31.9
"840",9,2000,69.1
"841",9,2001,27.2
"842",9,2002,31.6
"843",9,2004,59.2
"844",9,2006,23.5
"845",9,2007,35.5
"846",9,2008,42.1
"847",9,2010,8.7
"848",9,2011,166.6
"849",9,2013,58.7
"850",10,1990,43.6
"851",10,1991,19.6
"852",10,1992,13.8
"853",10,1993,22.4
"854",10,1994,34.4
"855",10,1995,6.3
"856",10,1997,26.4
"857",10,1998,29.4
"858",10,1999,30.7
"859",10,2001,30.9
"860",10,2002,35.2
"861",10,2003,37.6
"862",10,2004,53.6
"863",10,2005,19.2
"864",10,2006,32.3
"865",10,2009,34.9
"866",10,2010,33
"867",10,2011,12.3
"868",10,2012,26.9
"869",10,2013,13.2
"870",10,2015,50.8
"871",11,1990,62.6
"872",11,1991,12.7
"873",11,1992,32.8
"874",11,1995,11.5
"875",11,1996,9.1
"876",11,1997,10.6
"877",11,1998,39.7
"878",11,1999,17.3
"879",11,2001,18.7
"880",11,2002,25.1
"881",11,2004,34.8
"882",11,2006,31.8
"883",11,2007,27.3
"884",11,2008,18.7
"885",11,2009,8.5
"886",11,2010,65.8
"887",11,2011,18.6
"888",11,2012,15.8
"889",11,2013,7.7
"890",11,2014,6.1
"891",11,2015,53.9
"892",12,1990,7.8
"893",12,1991,15.5
"894",12,1993,6
"895",12,1994,9.4
"896",12,1995,19
"897",12,1996,5.3
"898",12,1997,19.1
"899",12,1998,9.3
"900",12,1999,39.8
"901",12,2000,59.7
"902",12,2001,13.6
"903",12,2002,12.2
"904",12,2004,9.9
"905",12,2005,26.3
"906",12,2006,7.4
"907",12,2007,18.4
"908",12,2008,5.8
"909",12,2009,9.7
"910",12,2010,6.6
"911",12,2011,7.8
"912",12,2012,8.5
"913",12,2013,15.9
"914",12,2014,50.6
"915",12,2015,26.6
"916",1,1990,5.6
"917",1,1991,13.7
"918",2,1990,14.1
"919",2,1991,24.7
"920",2,1992,15.8
"921",3,1990,7.7
"922",3,1991,7.9
"923",4,1992,61.3
"924",5,1990,74.7
"925",5,1991,11.5
"926",5,1992,33
"927",6,1990,37
"928",6,1991,46
"929",6,1992,18.5
"930",7,1990,62.3
"931",7,1991,29.3
"932",7,1992,6.3
"933",8,1990,6.2
"934",8,1991,20.3
"935",8,1992,39.4
"936",9,1990,53.7
"937",9,1991,36.6
"938",10,1990,54.7
"939",10,1991,22.2
"940",10,1992,32.8
"941",11,1990,61.6
"942",11,1991,21.4
"943",11,1992,24.2
"944",12,1991,6.3
"945",1,1990,5.1
"946",1,1991,16.7
"947",1,1992,9.5
"948",1,2013,18.3
"949",1,2014,23.9
"950",1,2015,13.2
"951",2,1990,30.4
"952",2,1991,40
"953",2,1992,7.3
"954",2,2013,6.4
"955",2,2014,12.2
"956",2,2015,7.9
"957",3,1990,6.8
"958",3,2013,22.3
"959",3,2014,17
"960",4,1990,17.4
"961",4,1992,20.9
"962",4,2013,24.1
"963",4,2014,7.9
"964",5,1990,6.5
"965",5,1991,41.5
"966",5,1992,19.3
"967",5,2013,34.8
"968",6,1990,44.5
"969",6,1991,6
"970",6,2013,6.1
"971",6,2014,14
"972",7,1990,31.1
"973",7,1991,6
"974",7,1992,11.8
"975",7,2013,33.1
"976",7,2015,7.4
"977",8,1990,37.1
"978",8,1991,98.2
"979",8,1992,43.1
"980",8,2013,19.6
"981",9,1990,23.9
"982",9,1992,21.9
"983",9,2012,7.1
"984",9,2013,39.9
"985",10,1990,25.2
"986",10,1991,13.8
"987",10,1992,23.7
"988",10,2012,46.8
"989",10,2013,11.2
"990",10,2014,16.3
"991",10,2015,74.2
"992",11,1990,98.5
"993",11,1991,6.2
"994",11,1992,22.9
"995",11,2012,29
"996",11,2013,5.6
"997",11,2015,68.8
"998",12,1990,11.2
"999",12,1991,5.8
"1000",12,1992,5.6
"1001",12,2012,21.4
"1002",12,2013,19.3
"1003",12,2014,15
"1004",12,2015,33
"1005",1,1990,10.9
"1006",1,2013,14.2
"1007",1,2015,5.1
"1008",2,1990,7.3
"1009",2,1991,5.3
"1010",2,2015,8.6
"1011",3,1990,13.1
"1012",3,2013,25.3
"1013",3,2014,5.6
"1014",4,1990,33.7
"1015",4,1992,44
"1016",4,2013,7.1
"1017",5,1990,30.4
"1018",5,1991,26.9
"1019",5,1992,35.7
"1020",6,1990,49.4
"1021",6,1991,37
"1022",6,2013,9.4
"1023",6,2014,17
"1024",7,1990,68.7
"1025",7,1991,15.2
"1026",7,1992,10.2
"1027",7,2013,26.4
"1028",8,1990,48.7
"1029",8,1991,36.5
"1030",8,1992,25.7
"1031",8,2013,62.2
"1032",9,1990,10.7
"1033",9,1991,6.6
"1034",9,1992,12.2
"1035",9,2012,6.1
"1036",9,2013,9.9
"1037",10,1990,14.1
"1038",10,1991,9.3
"1039",10,1992,31.1
"1040",10,2012,43.1
"1041",10,2013,10.9
"1042",10,2015,64.8
"1043",11,1990,89.3
"1044",11,1991,5.2
"1045",11,1992,16.3
"1046",11,2012,18
"1047",11,2013,7.4
"1048",11,2015,55.9
"1049",12,1990,17.5
"1050",12,1991,5.6
"1051",12,2012,19.5
"1052",12,2014,18.5
"1053",12,2015,12.7
"1054",1,1990,5.3
"1055",1,1991,8.3
"1056",1,1992,18.3
"1057",2,1990,14.4
"1058",2,1991,23.7
"1059",2,1992,15.1
"1060",3,1990,8.1
"1061",3,1991,15.2
"1062",4,1990,19
"1063",4,1991,29.9
"1064",4,1992,27.1
"1065",5,1990,77.1
"1066",5,1992,39.4
"1067",6,1990,60.7
"1068",6,1991,26.9
"1069",6,1992,12.9
"1070",7,1990,56.5
"1071",7,1991,8.7
"1072",7,1992,25.5
"1073",8,1990,45.5
"1074",8,1991,42.4
"1075",9,1990,83.4
"1076",9,1991,14.2
"1077",10,1990,54.2
"1078",10,1991,16.1
"1079",10,1992,38.5
"1080",11,1990,28.5
"1081",11,1991,29.6
"1082",11,1992,46.9
"1083",12,1990,6.4
"1084",12,1991,5.7
"1085",1,1990,6.7
"1086",1,1991,9.2
"1087",1,1992,24.1
"1088",1,1993,19.6
"1089",1,1994,6.4
"1090",1,1995,6.7
"1091",1,1997,24.5
"1092",1,1998,8
"1093",1,1999,12.2
"1094",1,2000,19.6
"1095",1,2001,58.8
"1096",1,2002,8.9
"1097",1,2003,16.7
"1098",1,2004,8.1
"1099",1,2005,6.2
"1100",1,2007,40.8
"1101",1,2008,32.3
"1102",1,2010,14.2
"1103",1,2011,21.1
"1104",1,2013,5.2
"1105",2,1990,36.3
"1106",2,1991,20.9
"1107",2,1992,6.6
"1108",2,1993,5.8
"1109",2,1994,6.4
"1110",2,1995,56.2
"1111",2,1996,21.2
"1112",2,1997,13.3
"1113",2,1998,15.7
"1114",2,1999,29.3
"1115",2,2000,5.7
"1116",2,2001,16.5
"1117",2,2002,23.1
"1118",2,2004,5.3
"1119",2,2005,5.7
"1120",2,2006,7.3
"1121",2,2007,26.6
"1122",2,2008,8.9
"1123",2,2010,31.9
"1124",3,1990,8.5
"1125",3,1991,16
"1126",3,1994,10.1
"1127",3,1995,14
"1128",3,1996,13.3
"1129",3,1997,10.6
"1130",3,1998,32.3
"1131",3,2000,14.9
"1132",3,2001,23.4
"1133",3,2002,16
"1134",3,2004,19.2
"1135",3,2006,5.4
"1136",3,2008,5.4
"1137",3,2009,19.8
"1138",3,2010,15.9
"1139",3,2011,18
"1140",3,2012,20.1
"1141",3,2013,26.1
"1142",4,1990,5.6
"1143",4,1991,8.5
"1144",4,1992,42.8
"1145",4,1993,41.8
"1146",4,1994,7.4
"1147",4,1995,7.4
"1148",4,1996,34.4
"1149",4,1997,22.1
"1150",4,1998,26.8
"1151",4,2000,11.4
"1152",4,2004,19.2
"1153",4,2006,47
"1154",4,2007,16.6
"1155",4,2009,17.6
"1156",4,2011,26.6
"1157",4,2012,16.7
"1158",4,2013,37.6
"1159",5,1990,58.2
"1160",5,1991,31.4
"1161",5,1992,24.9
"1162",5,1994,11.4
"1163",5,1995,30.3
"1164",5,1996,71.5
"1165",5,1997,51.1
"1166",5,1999,39.4
"1167",5,2000,24.4
"1168",5,2001,80.2
"1169",5,2002,9.1
"1170",5,2003,33.9
"1171",5,2004,12.1
"1172",5,2005,14.3
"1173",5,2006,37.2
"1174",5,2007,9.2
"1175",5,2008,25.6
"1176",5,2009,6.4
"1177",5,2010,9.4
"1178",5,2011,45.9
"1179",5,2012,17.3
"1180",5,2013,8.9
"1181",6,1990,89.4
"1182",6,1991,78.3
"1183",6,1992,19.4
"1184",6,1993,56.3
"1185",6,1994,76.8
"1186",6,1995,20.4
"1187",6,1996,6.3
"1188",6,1997,63.3
"1189",6,1998,6.3
"1190",6,1999,20.3
"1191",6,2000,25.2
"1192",6,2001,30.6
"1193",6,2002,78.9
"1194",6,2003,71.6
"1195",6,2004,46.3
"1196",6,2005,25.7
"1197",6,2006,42.6
"1198",6,2007,83.7
"1199",6,2008,54
"1200",6,2011,92.4
"1201",6,2012,23.9
"1202",6,2013,5.2
"1203",7,1990,90.6
"1204",7,1991,14.5
"1205",7,1992,38.4
"1206",7,1993,89.4
"1207",7,1994,52.9
"1208",7,1995,13.4
"1209",7,1996,24.9
"1210",7,1997,35.9
"1211",7,1998,71.1
"1212",7,2000,36.9
"1213",7,2002,20.1
"1214",7,2003,63.6
"1215",7,2004,118.8
"1216",7,2005,50.4
"1217",7,2006,42.3
"1218",7,2007,171.6
"1219",7,2008,96.3
"1220",7,2010,6.2
"1221",7,2011,6.9
"1222",7,2012,35.3
"1223",7,2013,35.7
"1224",8,1990,79.5
"1225",8,1991,35.4
"1226",8,1992,9.9
"1227",8,1993,64.7
"1228",8,1994,49.2
"1229",8,1995,20.2
"1230",8,1996,17.6
"1231",8,1997,6.8
"1232",8,1998,54
"1233",8,1999,7.9
"1234",8,2000,19
"1235",8,2001,32
"1236",8,2002,16.6
"1237",8,2003,28.6
"1238",8,2005,7
"1239",8,2006,52.2
"1240",8,2008,6.2
"1241",8,2009,12.8
"1242",8,2010,22.3
"1243",8,2011,18.3
"1244",8,2012,27.7
"1245",8,2013,107.1
"1246",9,1990,56.9
"1247",9,1991,5.1
"1248",9,1992,10.5
"1249",9,1993,60
"1250",9,1994,18.3
"1251",9,1995,9.8
"1252",9,1996,23.6
"1253",9,1997,21.2
"1254",9,1999,97.5
"1255",9,2000,35.1
"1256",9,2001,15.9
"1257",9,2002,32.5
"1258",9,2004,61.7
"1259",9,2005,14
"1260",9,2006,17.9
"1261",9,2007,33.5
"1262",9,2008,55.6
"1263",9,2009,26.8
"1264",9,2010,28.7
"1265",9,2011,161.6
"1266",9,2012,12.9
"1267",9,2013,76.6
"1268",10,1990,50.8
"1269",10,1991,13.3
"1270",10,1992,28.9
"1271",10,1993,21.7
"1272",10,1994,46.8
"1273",10,1995,5.3
"1274",10,1996,6.2
"1275",10,1997,36.1
"1276",10,1998,39.5
"1277",10,1999,46.6
"1278",10,2001,65
"1279",10,2002,63.6
"1280",10,2003,31.5
"1281",10,2004,36.4
"1282",10,2005,21.5
"1283",10,2006,39.6
"1284",10,2009,48.9
"1285",10,2010,43.5
"1286",10,2011,5.6
"1287",10,2012,38.2
"1288",10,2013,15.5
"1289",11,1990,77
"1290",11,1991,15.5
"1291",11,1992,23.3
"1292",11,1994,6.4
"1293",11,1995,15.4
"1294",11,1996,5.1
"1295",11,1997,31.2
"1296",11,1998,55.6
"1297",11,1999,13.2
"1298",11,2000,5.1
"1299",11,2001,31.7
"1300",11,2002,19.5
"1301",11,2004,30.4
"1302",11,2006,25.3
"1303",11,2007,27
"1304",11,2008,31
"1305",11,2009,11.9
"1306",11,2010,51.3
"1307",11,2011,10.3
"1308",11,2012,26.9
"1309",12,1990,12.2
"1310",12,1991,10.9
"1311",12,1993,15.3
"1312",12,1994,13.6
"1313",12,1995,28
"1314",12,1996,11.4
"1315",12,1997,15.7
"1316",12,1998,18.3
"1317",12,1999,21.4
"1318",12,2000,49.6
"1319",12,2001,18.4
"1320",12,2002,12.7
"1321",12,2003,6.6
"1322",12,2004,16.2
"1323",12,2005,26.1
"1324",12,2006,18.9
"1325",12,2007,15.6
"1326",12,2009,15.1
"1327",12,2010,35.2
"1328",12,2012,38.2
"1329",12,2013,26.9
"1330",1,1990,12.2
"1331",1,1991,8.1
"1332",1,1992,22
"1333",1,1993,14
"1334",1,1994,18.1
"1335",1,1995,39.6
"1336",1,1996,5.1
"1337",1,1997,10.2
"1338",1,1998,27.9
"1339",1,1999,36
"1340",1,2013,15.2
"1341",1,2014,27.4
"1342",1,2015,12.4
"1343",2,1990,24.7
"1344",2,1991,30
"1345",2,1992,12.1
"1346",2,1993,5.1
"1347",2,1994,15
"1348",2,1995,15.8
"1349",2,1996,5.1
"1350",2,1998,9.9
"1351",2,1999,28.9
"1352",2,2014,12
"1353",2,2015,12.2
"1354",3,1991,11.6
"1355",3,1993,12.7
"1356",3,1995,11.9
"1357",3,1996,10.9
"1358",3,1997,15
"1359",3,1998,15
"1360",3,1999,30.5
"1361",3,2013,23.1
"1362",4,1990,21
"1363",4,1991,35.7
"1364",4,1992,43.8
"1365",4,1993,62.5
"1366",4,1996,6.4
"1367",4,1997,7.4
"1368",4,1998,5.1
"1369",4,1999,5.1
"1370",4,2013,14.2
"1371",4,2014,16
"1372",5,1990,59.8
"1373",5,1991,6.2
"1374",5,1992,5.2
"1375",5,1994,44.2
"1376",5,1995,9.4
"1377",5,1996,25.9
"1378",5,1997,37.3
"1379",5,1999,58.7
"1380",5,2013,8.9
"1381",5,2014,7.9
"1382",6,1990,32.4
"1383",6,1991,22.7
"1384",6,1992,15.4
"1385",6,1993,17
"1386",6,1994,46
"1387",6,1996,15
"1388",6,1997,25.9
"1389",6,1999,54.9
"1390",6,2013,34
"1391",6,2014,5.3
"1392",7,1990,51.6
"1393",7,1991,31.2
"1394",7,1992,63.1
"1395",7,1993,54.2
"1396",7,1994,353.1
"1397",7,1995,16
"1398",7,1996,16
"1399",7,1997,14
"1400",7,1998,14
"1401",7,1999,15
"1402",7,2013,73.2
"1403",8,1990,59.8
"1404",8,1991,24.4
"1405",8,1992,16.3
"1406",8,1993,75
"1407",8,1994,119.9
"1408",8,1995,17.8
"1409",8,1996,11.9
"1410",8,1998,43.9
"1411",8,1999,35.1
"1412",8,2013,91.9
"1413",9,1990,78.1
"1414",9,1991,17.6
"1415",9,1992,8.7
"1416",9,1993,78.8
"1417",9,1995,25.9
"1418",9,1996,28.2
"1419",9,1997,16
"1420",9,1998,5.1
"1421",9,1999,11.2
"1422",9,2012,6.6
"1423",9,2013,88.3
"1424",10,1990,38.4
"1425",10,1991,17.1
"1426",10,1992,13.9
"1427",10,1993,7.1
"1428",10,1994,34.1
"1429",10,1997,29.2
"1430",10,1998,29.5
"1431",10,2012,26.4
"1432",10,2013,18.1
"1433",10,2014,20.1
"1434",10,2015,26.9
"1435",11,1990,36
"1436",11,1991,19.6
"1437",11,1992,32.1
"1438",11,1994,5.3
"1439",11,1995,10.9
"1440",11,1996,11.9
"1441",11,1998,26.9
"1442",11,2012,15.2
"1443",11,2013,14
"1444",11,2014,21.1
"1445",11,2015,90.2
"1446",12,1990,5.4
"1447",12,1993,8.9
"1448",12,1994,21.6
"1449",12,1997,18.6
"1450",12,2012,37.1
"1451",12,2013,13.2
"1452",12,2014,46.2
"1453",12,2015,34
"1454",1,1992,48.4
"1455",1,2013,17.3
"1456",1,2014,52.8
"1457",1,2015,31.3
"1458",2,1992,25.3
"1459",2,2013,11.2
"1460",2,2014,13.2
"1461",3,1992,6.4
"1462",3,2013,42.2
"1463",3,2014,15
"1464",4,1992,48.8
"1465",4,2013,21.1
"1466",4,2014,25.9
"1467",5,1992,21.4
"1468",5,2015,6.1
"1469",6,1992,35.2
"1470",6,2013,7.9
"1471",6,2014,14
"1472",7,1992,71.3
"1473",7,2013,70.9
"1474",7,2015,49.8
"1475",8,1992,37.2
"1476",8,2013,57.9
"1477",8,2014,26.4
"1478",9,1992,8
"1479",9,2012,13.2
"1480",9,2013,68.8
"1481",10,1992,78.7
"1482",10,2012,54.4
"1483",10,2013,32
"1484",10,2014,19.8
"1485",11,1992,10.8
"1486",11,2012,27
"1487",11,2013,31
"1488",11,2014,19.3
"1489",11,2015,66.2
"1490",12,2012,73.9
"1491",12,2013,51.1
"1492",12,2014,52
"1493",12,2015,20.1
"1494",1,1990,11.7
"1495",1,1992,18.5
"1496",2,1992,15.2
"1497",4,1992,26
"1498",5,1992,28.6
"1499",6,1992,13
"1500",7,1992,52.9
"1501",8,1992,49
"1502",10,1992,40.7
"1503",11,1992,28.7
"1504",1,1990,22.5
"1505",1,1991,20.7
"1506",1,1992,21.1
"1507",2,1990,38.9
"1508",2,1991,23.6
"1509",2,1992,21.7
"1510",3,1990,38.3
"1511",3,1991,11.4
"1512",3,1992,6.3
"1513",4,1990,32.6
"1514",4,1992,91.4
"1515",5,1990,23.7
"1516",5,1991,29.8
"1517",5,1992,27.9
"1518",6,1990,78
"1519",6,1991,54.8
"1520",6,1992,13.2
"1521",7,1990,60
"1522",7,1991,11.2
"1523",7,1992,33.1
"1524",8,1990,49.2
"1525",8,1991,25.2
"1526",8,1992,32.3
"1527",9,1990,17.8
"1528",9,1991,11
"1529",9,1992,12.3
"1530",10,1990,61.9
"1531",10,1991,27
"1532",10,1992,51.3
"1533",11,1990,123.5
"1534",11,1991,21
"1535",11,1992,15.9
"1536",12,1990,9.5
"1537",12,1991,14.3
"1538",1,1991,32.5
"1539",1,1992,22.7
"1540",1,1993,34.3
"1541",1,1994,5.1
"1542",1,1996,5.1
"1543",1,1997,21.9
"1544",1,1998,11.2
"1545",1,1999,14.2
"1546",1,2013,13.7
"1547",2,1990,16.8
"1548",2,1991,8.4
"1549",2,1993,13.2
"1550",2,1996,5.1
"1551",2,1997,16
"1552",2,1998,23.4
"1553",2,1999,20.3
"1554",2,2013,8.9
"1555",3,1990,8.9
"1556",3,1994,32.2
"1557",3,1995,22.9
"1558",3,1997,21.1
"1559",3,1999,33.3
"1560",3,2013,30
"1561",4,1990,29.5
"1562",4,1992,13.2
"1563",4,1993,15
"1564",4,1996,38.1
"1565",4,1997,11.9
"1566",4,1998,14
"1567",4,2013,14.2
"1568",5,1990,34.1
"1569",5,1991,8.9
"1570",5,1992,5.1
"1571",5,1993,6.1
"1572",5,1995,29
"1573",5,1996,10.4
"1574",5,1997,50.8
"1575",5,1999,11.2
"1576",5,2015,7.1
"1577",6,1990,39.9
"1578",6,1993,49
"1579",6,1994,51.1
"1580",6,1997,29.7
"1581",6,1999,42.4
"1582",6,2014,15
"1583",7,1991,18
"1584",7,1993,54.1
"1585",7,1994,45.2
"1586",7,1997,8.9
"1587",7,1998,22.1
"1588",7,2015,19.8
"1589",8,1990,43.2
"1590",8,1991,8.9
"1591",8,1992,47.8
"1592",8,1993,72.4
"1593",8,1994,59.8
"1594",8,1995,15
"1595",8,1998,8.9
"1596",8,1999,8.9
"1597",8,2013,165.1
"1598",8,2014,6.1
"1599",8,2015,14
"1600",9,1990,5.1
"1601",9,1993,59.9
"1602",9,1996,24.2
"1603",9,1999,5.1
"1604",9,2012,7.1
"1605",9,2013,12.7
"1606",9,2015,9.9
"1607",10,1990,23.1
"1608",10,1991,18
"1609",10,1992,21.1
"1610",10,1993,62.8
"1611",10,1994,59
"1612",10,1997,13
"1613",10,1998,27.2
"1614",10,1999,55.9
"1615",10,2012,40.9
"1616",10,2013,6.4
"1617",10,2014,7.1
"1618",10,2015,60.7
"1619",11,1990,77.2
"1620",11,1991,7.1
"1621",11,1992,18.8
"1622",11,1994,23.1
"1623",11,1995,7.9
"1624",11,1997,11.4
"1625",11,1998,24.9
"1626",11,2012,25.2
"1627",11,2013,11.2
"1628",11,2014,7.1
"1629",12,1990,17
"1630",12,1991,6.1
"1631",12,1993,21.1
"1632",12,1994,12.2
"1633",12,1995,31.5
"1634",12,1996,18
"1635",12,1997,13
"1636",12,1998,23.1
"1637",12,2012,34.3
"1638",12,2015,5.1
"1639",1,1990,10.1
"1640",1,1991,19.3
"1641",1,1992,18.5
"1642",1,1993,22.8
"1643",1,1994,13.9
"1644",1,1995,23.9
"1645",1,1997,20.9
"1646",1,1998,22
"1647",1,1999,22.9
"1648",1,2000,12.4
"1649",1,2001,36
"1650",1,2002,11.8
"1651",1,2003,50.3
"1652",1,2004,20.4
"1653",1,2005,5.1
"1654",1,2006,16.5
"1655",1,2007,48
"1656",1,2008,12.6
"1657",1,2010,39.3
"1658",1,2011,12.9
"1659",1,2012,12.6
"1660",1,2013,15.2
"1661",1,2015,5.1
"1662",2,1990,35.4
"1663",2,1991,24.4
"1664",2,1992,5.6
"1665",2,1993,14.5
"1666",2,1994,12.6
"1667",2,1995,5.3
"1668",2,1996,5.7
"1669",2,1997,26.6
"1670",2,1998,31.7
"1671",2,2000,13.7
"1672",2,2001,26.2
"1673",2,2002,7.3
"1674",2,2004,22.2
"1675",2,2005,32.1
"1676",2,2006,12.5
"1677",2,2007,34.2
"1678",2,2008,5.2
"1679",2,2009,24.9
"1680",2,2010,41
"1681",2,2011,14.5
"1682",2,2013,17.4
"1683",3,1990,11.7
"1684",3,1991,8.4
"1685",3,1993,10.8
"1686",3,1994,35.3
"1687",3,1995,25.8
"1688",3,1997,21.8
"1689",3,1998,44.4
"1690",3,1999,18.5
"1691",3,2000,11.2
"1692",3,2001,8.4
"1693",3,2002,47.1
"1694",3,2004,18.5
"1695",3,2005,32.3
"1696",3,2006,14.4
"1697",3,2008,40.3
"1698",3,2009,5.1
"1699",3,2010,5.2
"1700",3,2011,24.5
"1701",3,2012,39.7
"1702",3,2013,30.5
"1703",4,1990,36
"1704",4,1992,28.7
"1705",4,1993,59.3
"1706",4,1995,8
"1707",4,1996,20.8
"1708",4,1997,39.1
"1709",4,1998,7.7
"1710",4,2002,5.7
"1711",4,2004,24.9
"1712",4,2005,7
"1713",4,2006,37.5
"1714",4,2007,26.8
"1715",4,2008,26.6
"1716",4,2009,21.7
"1717",4,2010,53.4
"1718",4,2011,20.1
"1719",4,2012,27.9
"1720",4,2013,12
"1721",5,1991,39.5
"1722",5,1992,26
"1723",5,1994,24.8
"1724",5,1995,42.5
"1725",5,1996,25.5
"1726",5,1997,70
"1727",5,1999,21.4
"1728",5,2000,46.5
"1729",5,2001,59.5
"1730",5,2003,32.5
"1731",5,2004,5.4
"1732",5,2005,19
"1733",5,2006,30
"1734",5,2007,11.1
"1735",5,2011,18.9
"1736",5,2012,15.6
"1737",5,2013,6.7
"1738",6,1990,53.1
"1739",6,1991,17.3
"1740",6,1993,121.7
"1741",6,1994,74.5
"1742",6,1995,24.4
"1743",6,1996,8.7
"1744",6,1997,62.1
"1745",6,1999,24
"1746",6,2000,69.6
"1747",6,2001,19.1
"1748",6,2002,44.7
"1749",6,2003,71.9
"1750",6,2004,18.2
"1751",6,2005,65.7
"1752",6,2006,53.3
"1753",6,2007,31.4
"1754",6,2008,45.5
"1755",6,2009,6.1
"1756",6,2011,53.8
"1757",6,2012,25.7
"1758",6,2013,33.2
"1759",6,2014,20.1
"1760",7,1990,32
"1761",7,1991,29.2
"1762",7,1992,8.7
"1763",7,1993,52.5
"1764",7,1994,18.5
"1765",7,1997,54
"1766",7,1998,8.1
"1767",7,1999,36.1
"1768",7,2000,36.8
"1769",7,2003,20
"1770",7,2004,99.9
"1771",7,2005,34.6
"1772",7,2006,5.7
"1773",7,2007,85.5
"1774",7,2008,53.2
"1775",7,2009,18.5
"1776",7,2011,12.6
"1777",7,2012,36.5
"1778",7,2013,42.6
"1779",8,1990,84.4
"1780",8,1991,29.3
"1781",8,1992,31.3
"1782",8,1993,66.8
"1783",8,1994,18.5
"1784",8,1995,30
"1785",8,1997,5.7
"1786",8,1998,44.2
"1787",8,1999,23.7
"1788",8,2000,16.4
"1789",8,2001,79.7
"1790",8,2002,14.9
"1791",8,2005,71.5
"1792",8,2006,29.6
"1793",8,2008,7.5
"1794",8,2009,61.4
"1795",8,2011,47.1
"1796",8,2012,17
"1797",8,2013,24.2
"1798",8,2014,8.9
"1799",9,1990,8.8
"1800",9,1992,15.2
"1801",9,1993,65.9
"1802",9,1994,5.4
"1803",9,1995,9.2
"1804",9,1996,63.9
"1805",9,1997,41.2
"1806",9,1998,20.5
"1807",9,1999,36.4
"1808",9,2000,95.4
"1809",9,2001,40
"1810",9,2002,35.7
"1811",9,2003,6.1
"1812",9,2004,35.9
"1813",9,2006,22.1
"1814",9,2007,17.4
"1815",9,2008,19.8
"1816",9,2009,26.8
"1817",9,2010,22.1
"1818",9,2011,116.8
"1819",9,2012,7
"1820",9,2013,49.2
"1821",10,1990,21.6
"1822",10,1991,7.8
"1823",10,1992,40.9
"1824",10,1993,22.3
"1825",10,1994,39.8
"1826",10,1995,5.2
"1827",10,1997,10.2
"1828",10,1998,26
"1829",10,1999,84.9
"1830",10,2001,60.9
"1831",10,2002,84.8
"1832",10,2003,54.8
"1833",10,2004,44.8
"1834",10,2005,16.6
"1835",10,2006,6.2
"1836",10,2009,44.6
"1837",10,2010,35.6
"1838",10,2011,28
"1839",10,2012,26.5
"1840",10,2013,18.5
"1841",10,2014,6.1
"1842",10,2015,41.9
"1843",11,1990,94.7
"1844",11,1991,9.3
"1845",11,1992,21.1
"1846",11,1994,12.6
"1847",11,1996,14.8
"1848",11,1997,23.3
"1849",11,1998,21.4
"1850",11,1999,27.5
"1851",11,2000,5.1
"1852",11,2001,10.6
"1853",11,2002,14.7
"1854",11,2003,5.8
"1855",11,2004,50.4
"1856",11,2006,29.1
"1857",11,2007,31.6
"1858",11,2008,25.6
"1859",11,2009,6.9
"1860",11,2010,60.6
"1861",11,2011,21.5
"1862",11,2012,30.8
"1863",11,2013,10
"1864",11,2015,82.1
"1865",12,1990,17.7
"1866",12,1991,5.1
"1867",12,1992,6.2
"1868",12,1993,51.6
"1869",12,1994,15.7
"1870",12,1995,45.6
"1871",12,1996,29.3
"1872",12,1997,22.6
"1873",12,1998,34.6
"1874",12,1999,40.4
"1875",12,2000,51.7
"1876",12,2001,31.5
"1877",12,2002,26.3
"1878",12,2003,17.1
"1879",12,2005,20.6
"1880",12,2006,20.8
"1881",12,2007,11.8
"1882",12,2009,18.1
"1883",12,2010,13.4
"1884",12,2011,7.1
"1885",12,2012,13.6
"1886",12,2013,26.6
"1887",12,2014,20.3
"1888",12,2015,38.7
"1889",1,1991,6.1
"1890",1,1993,8
"1891",1,1994,8.9
"1892",1,1995,11.5
"1893",1,1997,6.7
"1894",1,1999,12.5
"1895",1,2000,8.3
"1896",1,2003,5.8
"1897",1,2004,5.1
"1898",1,2007,28.5
"1899",1,2008,27.4
"1900",1,2010,6.9
"1901",1,2011,11
"1902",1,2012,7.2
"1903",1,2014,7.9
"1904",1,2015,5.1
"1905",2,1990,18
"1906",2,1995,37.5
"1907",2,1996,6.6
"1908",2,1997,5.2
"1909",2,1998,5.5
"1910",2,1999,36.3
"1911",2,2002,20.9
"1912",2,2005,6.7
"1913",2,2007,23.6
"1914",2,2008,15.8
"1915",2,2010,20.1
"1916",3,1990,22.1
"1917",3,1991,9.5
"1918",3,1995,10
"1919",3,1998,14.4
"1920",3,2000,10.6
"1921",3,2001,15.7
"1922",3,2002,5.6
"1923",3,2004,31.2
"1924",3,2005,7.4
"1925",3,2006,23.8
"1926",3,2007,6
"1927",3,2008,6.8
"1928",3,2009,20.7
"1929",3,2010,12.7
"1930",3,2012,14.7
"1931",3,2013,32.2
"1932",3,2014,6.6
"1933",4,1990,5.7
"1934",4,1991,10.4
"1935",4,1992,48.7
"1936",4,1993,39.7
"1937",4,1995,5.9
"1938",4,1996,15.7
"1939",4,1997,65.5
"1940",4,1998,25.8
"1941",4,1999,6.5
"1942",4,2000,12.7
"1943",4,2002,9.6
"1944",4,2004,11.2
"1945",4,2005,6.5
"1946",4,2006,43.7
"1947",4,2007,29
"1948",4,2011,5.2
"1949",4,2012,19.1
"1950",4,2013,26.5
"1951",4,2014,12.2
"1952",5,1990,60.1
"1953",5,1991,23.8
"1954",5,1992,42.2
"1955",5,1994,28
"1956",5,1995,7.1
"1957",5,1996,21.9
"1958",5,1997,42
"1959",5,1998,18.8
"1960",5,1999,74.4
"1961",5,2000,30.5
"1962",5,2001,75.8
"1963",5,2002,17.6
"1964",5,2003,33.3
"1965",5,2004,23.3
"1966",5,2006,64
"1967",5,2007,33.8
"1968",5,2008,15.2
"1969",5,2009,6.2
"1970",5,2010,16
"1971",5,2011,16.4
"1972",5,2013,5.3
"1973",6,1990,63.6
"1974",6,1991,31.4
"1975",6,1992,14.3
"1976",6,1993,56.8
"1977",6,1994,94.4
"1978",6,1995,18.2
"1979",6,1996,69.2
"1980",6,1997,103.8
"1981",6,1998,15.4
"1982",6,1999,20.8
"1983",6,2000,73.7
"1984",6,2001,49.7
"1985",6,2002,78.8
"1986",6,2003,33.6
"1987",6,2004,49.4
"1988",6,2005,52.1
"1989",6,2006,45.1
"1990",6,2007,78.7
"1991",6,2008,127.5
"1992",6,2009,8
"1993",6,2011,107.1
"1994",6,2012,13.9
"1995",6,2013,19.5
"1996",7,1990,57.1
"1997",7,1991,54.5
"1998",7,1992,49.8
"1999",7,1993,28.2
"2000",7,1994,18.2
"2001",7,1995,77.2
"2002",7,1996,33.6
"2003",7,1997,26.9
"2004",7,1998,44.8
"2005",7,1999,5.7
"2006",7,2000,43.3
"2007",7,2001,6.5
"2008",7,2002,5.4
"2009",7,2003,32.7
"2010",7,2004,100.7
"2011",7,2005,46.4
"2012",7,2006,39.8
"2013",7,2007,126.6
"2014",7,2008,45
"2015",7,2009,31.6
"2016",7,2011,14.6
"2017",7,2012,39
"2018",7,2013,29.4
"2019",8,1990,21.3
"2020",8,1991,29.5
"2021",8,1992,30.3
"2022",8,1993,65.3
"2023",8,1994,113.7
"2024",8,1995,45.1
"2025",8,1996,8.3
"2026",8,1998,56.8
"2027",8,1999,85.9
"2028",8,2000,33.6
"2029",8,2001,31.5
"2030",8,2002,23.8
"2031",8,2003,136.1
"2032",8,2004,23.1
"2033",8,2006,46.8
"2034",8,2007,11.8
"2035",8,2008,29.2
"2036",8,2009,57.3
"2037",8,2010,16
"2038",8,2011,28.2
"2039",8,2012,68.6
"2040",8,2013,56.2
"2041",8,2014,34.3
"2042",9,1990,69
"2043",9,1991,27.4
"2044",9,1993,81.5
"2045",9,1994,17.9
"2046",9,1995,17.3
"2047",9,1996,59.7
"2048",9,1997,39.3
"2049",9,1998,19
"2050",9,1999,52.6
"2051",9,2000,58.4
"2052",9,2001,22.8
"2053",9,2002,28
"2054",9,2003,33.5
"2055",9,2004,33
"2056",9,2005,26.3
"2057",9,2007,13.2
"2058",9,2008,45.3
"2059",9,2009,7.5
"2060",9,2010,5.9
"2061",9,2011,116.2
"2062",9,2012,33.7
"2063",9,2013,41.5
"2064",10,1990,55.6
"2065",10,1991,20.9
"2066",10,1992,57.7
"2067",10,1993,5.9
"2068",10,1994,36.7
"2069",10,1995,13.6
"2070",10,1996,6.3
"2071",10,1997,64.8
"2072",10,1998,24.1
"2073",10,1999,32.5
"2074",10,2000,6.6
"2075",10,2001,54.5
"2076",10,2002,64.5
"2077",10,2003,17.2
"2078",10,2004,31.2
"2079",10,2005,14.6
"2080",10,2006,25
"2081",10,2007,17.8
"2082",10,2009,30.8
"2083",10,2010,19.8
"2084",10,2011,20.2
"2085",10,2012,27.2
"2086",10,2013,22.3
"2087",10,2014,13.2
"2088",10,2015,27.4
"2089",11,1990,62.2
"2090",11,1991,34.9
"2091",11,1992,14.8
"2092",11,1994,22
"2093",11,1995,21.2
"2094",11,1996,11.9
"2095",11,1997,32.5
"2096",11,1998,38.7
"2097",11,1999,19.7
"2098",11,2001,35
"2099",11,2002,27.7
"2100",11,2004,31.8
"2101",11,2006,18.8
"2102",11,2007,29.9
"2103",11,2008,27
"2104",11,2009,9.5
"2105",11,2010,28.1
"2106",11,2012,20.4
"2107",11,2014,17.8
"2108",11,2015,58.8
"2109",12,1993,26.8
"2110",12,1994,6
"2111",12,1995,13.9
"2112",12,1996,9.1
"2113",12,1997,22.4
"2114",12,1999,12.7
"2115",12,2000,12.3
"2116",12,2001,13.6
"2117",12,2002,7.2
"2118",12,2003,5.8
"2119",12,2004,14.6
"2120",12,2005,10.5
"2121",12,2006,13.6
"2122",12,2007,13
"2123",12,2009,19.2
"2124",12,2010,56.1
"2125",12,2011,6.4
"2126",12,2012,54.8
"2127",12,2013,5.8
"2128",12,2014,24.4
"2129",12,2015,7.9
"2130",1,1990,18.8
"2131",1,1991,8.6
"2132",1,1992,16.1
"2133",1,2013,9.9
"2134",2,1990,21.5
"2135",2,1991,24.1
"2136",2,1992,13.3
"2137",3,1990,26.3
"2138",3,1991,9.9
"2139",3,2013,38.6
"2140",3,2015,5.1
"2141",4,1991,8.3
"2142",4,1992,34.8
"2143",4,2013,27.4
"2144",5,1990,62.6
"2145",5,1991,16.3
"2146",5,1992,26.9
"2147",5,2013,18
"2148",6,1990,51.5
"2149",6,1991,37.4
"2150",6,1992,27.5
"2151",6,2013,7.9
"2152",6,2014,17.5
"2153",7,1990,47.5
"2154",7,1991,22.1
"2155",7,1992,68.7
"2156",7,2013,25.9
"2157",7,2014,19.3
"2158",8,1990,47.2
"2159",8,1991,11.5
"2160",8,1992,14.4
"2161",8,2013,39.4
"2162",8,2014,16
"2163",9,1990,56.4
"2164",9,1991,32.6
"2165",9,1992,11.8
"2166",9,2013,66
"2167",9,2014,11.9
"2168",10,1990,63.1
"2169",10,1991,16.9
"2170",10,1992,50.4
"2171",10,2012,51.6
"2172",10,2013,28.2
"2173",10,2014,14.5
"2174",10,2015,51.3
"2175",11,1990,56.8
"2176",11,1991,24.6
"2177",11,1992,34.8
"2178",11,2012,40.9
"2179",11,2014,9.9
"2180",11,2015,69.6
"2181",12,1990,6.7
"2182",12,1991,6.4
"2183",12,2012,52.3
"2184",12,2014,23.4
"2185",12,2015,30.3
"2186",1,1990,5.5
"2187",1,1992,18
"2188",1,2013,26.4
"2189",1,2014,15.3
"2190",1,2015,5.1
"2191",2,1990,13
"2192",2,1991,12.5
"2193",2,1992,18.6
"2194",2,2014,8.4
"2195",2,2015,5.1
"2196",3,1990,6.2
"2197",3,2013,9.1
"2198",3,2014,18.3
"2199",4,1990,28.1
"2200",4,1991,11.6
"2201",4,1992,42.9
"2202",4,2013,16.5
"2203",4,2014,11.5
"2204",5,1990,21.7
"2205",5,1991,20.8
"2206",5,1992,20.5
"2207",5,2013,16
"2208",6,1990,18.7
"2209",6,1991,26
"2210",6,2013,35.6
"2211",6,2014,13
"2212",7,1990,87.3
"2213",7,1991,25.1
"2214",7,1992,45.5
"2215",7,2013,139.5
"2216",8,1990,111.8
"2217",8,1991,40.4
"2218",8,1992,54
"2219",8,2013,18
"2220",8,2014,10.4
"2221",9,1990,35.1
"2222",9,1992,8.7
"2223",9,2013,68.3
"2224",10,1990,6.3
"2225",10,1991,13
"2226",10,1992,30.6
"2227",10,2012,32.2
"2228",10,2013,7.4
"2229",10,2014,19.3
"2230",10,2015,68
"2231",11,1990,81.8
"2232",11,1991,9.5
"2233",11,1992,27
"2234",11,2012,20.8
"2235",11,2013,6.1
"2236",11,2015,58
"2237",12,1990,21.8
"2238",12,1991,6.2
"2239",12,2012,5.1
"2240",12,2013,16
"2241",12,2014,34.6
"2242",12,2015,16.5
"2243",1,1990,8.6
"2244",1,1991,11.9
"2245",1,1992,44.7
"2246",1,2013,26.5
"2247",1,2014,43.3
"2248",1,2015,39.1
"2249",2,1990,29.6
"2250",2,1991,51
"2251",2,1992,30.5
"2252",2,2013,12.7
"2253",2,2014,5.1
"2254",2,2015,5.1
"2255",3,1991,6.6
"2256",3,2013,32.5
"2257",3,2014,17
"2258",4,1990,52.9
"2259",4,1991,34.1
"2260",4,1992,44.7
"2261",4,2013,8.4
"2262",4,2014,19.3
"2263",4,2015,9.9
"2264",5,1990,56.2
"2265",5,1992,7.8
"2266",5,2013,17
"2267",5,2014,9.9
"2268",5,2015,5.1
"2269",6,1990,57.9
"2270",6,1991,36.4
"2271",6,2014,13.2
"2272",7,1990,54.8
"2273",7,1991,27.9
"2274",7,1992,20.3
"2275",7,2013,17.5
"2276",8,1990,98.9
"2277",8,1991,14
"2278",8,1992,70.3
"2279",8,2013,32.1
"2280",9,1990,54.3
"2281",9,1991,6.9
"2282",9,1992,37.5
"2283",9,2012,7.1
"2284",9,2013,132.9
"2285",10,1990,44.8
"2286",10,1991,17.5
"2287",10,1992,54
"2288",10,2012,34.1
"2289",10,2013,10.9
"2290",10,2014,11.9
"2291",10,2015,39.9
"2292",11,1990,73.2
"2293",11,1991,22
"2294",11,1992,72
"2295",11,2012,21.4
"2296",11,2013,5.1
"2297",11,2014,5.1
"2298",11,2015,138.5
"2299",12,1990,13.2
"2300",12,1991,5.4
"2301",12,1992,5.9
"2302",12,2012,26.2
"2303",12,2013,16.5
"2304",12,2014,54.4
"2305",12,2015,21.4
"2306",1,1990,12.3
"2307",1,1991,11.6
"2308",1,1992,15.3
"2309",1,2013,6.1
"2310",2,1991,5.8
"2311",2,1992,24.8
"2312",2,2013,7.1
"2313",2,2015,5.1
"2314",3,1990,6.7
"2315",3,2013,27.9
"2316",4,1990,33.8
"2317",4,1992,56.8
"2318",4,2013,40.3
"2319",4,2014,9.4
"2320",4,2015,6.4
"2321",5,1990,32.3
"2322",5,1991,16.9
"2323",5,1992,6.1
"2324",5,2013,5.8
"2325",5,2015,12.2
"2326",6,1990,63.6
"2327",6,1991,53.7
"2328",6,2014,15
"2329",6,2015,15
"2330",7,1990,24.8
"2331",7,1992,14
"2332",8,1990,76.5
"2333",8,1991,30.8
"2334",8,1992,18.1
"2335",8,2013,22.1
"2336",8,2014,38.9
"2337",9,1990,37.2
"2338",9,1991,6.1
"2339",9,1992,5.5
"2340",9,2013,17
"2341",9,2014,7.1
"2342",10,1990,40.9
"2343",10,1991,17.9
"2344",10,1992,46.1
"2345",10,2012,25.2
"2346",10,2014,5.6
"2347",10,2015,76
"2348",11,1990,96
"2349",11,1991,14.8
"2350",11,1992,20
"2351",11,2012,15
"2352",11,2015,36.4
"2353",12,1990,11.9
"2354",12,1991,11.3
"2355",12,2012,54.8
"2356",12,2014,13.5
"2357",12,2015,24.2
"2358",1,1990,12.1
"2359",1,1991,12.8
"2360",1,1992,12
"2361",1,1994,14
"2362",1,1995,26.1
"2363",1,1997,33
"2364",1,1999,21.6
"2365",2,1990,7.2
"2366",2,1991,8
"2367",2,1992,8.9
"2368",2,1993,6.1
"2369",2,1994,35.1
"2370",2,1995,24.9
"2371",2,1998,9.9
"2372",2,1999,26
"2373",3,1990,13.6
"2374",3,1991,8.8
"2375",3,1993,11.2
"2376",3,1995,6.1
"2377",3,1996,11.2
"2378",3,1998,7.1
"2379",4,1990,19
"2380",4,1991,46.7
"2381",4,1992,38.9
"2382",4,1993,57
"2383",4,1996,5.1
"2384",4,1997,21.3
"2385",5,1990,66.8
"2386",5,1991,13.2
"2387",5,1992,33.4
"2388",5,1994,36.8
"2389",5,1996,91.9
"2390",5,1997,20.8
"2391",5,1999,67.8
"2392",6,1990,109.4
"2393",6,1991,34.3
"2394",6,1992,38.5
"2395",6,1993,41.7
"2396",6,1994,108.3
"2397",6,1995,6.1
"2398",6,1996,109.3
"2399",6,1997,65.8
"2400",6,1999,16.3
"2401",7,1990,42.2
"2402",7,1991,24.8
"2403",7,1992,27.6
"2404",7,1993,77.5
"2405",7,1994,16
"2406",7,1995,15.2
"2407",7,1996,56.9
"2408",7,1997,13
"2409",7,1998,26.9
"2410",7,1999,44.7
"2411",8,1990,50.4
"2412",8,1991,70.6
"2413",8,1992,21.4
"2414",8,1993,24.1
"2415",8,1994,51
"2416",8,1995,24.9
"2417",8,1996,18.5
"2418",8,1998,41.7
"2419",8,1999,81.1
"2420",9,1990,43.3
"2421",9,1991,22.8
"2422",9,1992,7.3
"2423",9,1993,242.6
"2424",9,1995,20.1
"2425",9,1996,18
"2426",9,1997,21.6
"2427",9,1998,20.1
"2428",9,1999,51.6
"2429",10,1990,39.8
"2430",10,1991,26.8
"2431",10,1992,31.7
"2432",10,1994,14
"2433",10,1995,6.1
"2434",10,1996,5.1
"2435",10,1997,31
"2436",10,1998,42
"2437",11,1990,37
"2438",11,1991,43.1
"2439",11,1992,11.9
"2440",11,1994,15.5
"2441",11,1995,5.1
"2442",11,1996,25.9
"2443",11,1997,14
"2444",11,1998,36.8
"2445",12,1990,7.2
"2446",12,1992,6.3
"2447",12,1993,12.2
"2448",12,1994,11.7
"2449",12,1995,13.2
"2450",12,1996,5.1
"2451",12,1997,11.9
